Section,Entity,Category,Status,Checked against,Date,Notes
Denominations,The Catholic Church,View of Scripture,Verified,Catechism §80–86 (vatican.va),2026-10-07,§82: Scripture and Tradition accepted 'with equal sentiments of devotion'; §85 Magisterium interprets
Denominations,The Catholic Church,Salvation,Verified,"Catechism §1989–1995, §2008, §2010 (vatican.va)",2026-10-07,§1993 cooperation of grace and freedom; §2010 initial grace cannot be merited
Denominations,The Catholic Church,Baptism,Verified,"Catechism §1239; Code of Canon Law c. 854, c. 867 §1 (vatican.va)",2026-10-07,Sprinkling wording corrected to Canon 854 (immersion or pouring only)
Denominations,The Catholic Church,The Lord's Supper,Verified,Catechism §1376 (vatican.va),2026-10-07,Trent's definition of transubstantiation quoted in §1376
Denominations,The Catholic Church,Church government,Verified,Catechism §880–883 (vatican.va),2026-10-07,§882 Pope as source of unity; §883 college has no authority apart from him
Denominations,The Catholic Church,Eschatology,Verified,"Catechism §668–677 (vatican.va), esp. §673, §676",2026-10-07,§676 rejects millenarianism 'even in modified forms'; cell now says so
Denominations,The Catholic Church,Spiritual gifts,Verified,Catechism §799–801 (vatican.va),2026-10-07,"Charisms welcomed, discerned by pastors"
Denominations,The Catholic Church,Women's ordination,Verified,"Ordinatio Sacerdotalis §4 (1994, vatican.va)",2026-10-07,'no authority whatsoever to confer priestly ordination on women… definitively held'
Denominations,The Catholic Church,Abortion,Verified,Catechism §2270–2273 (vatican.va),2026-10-07,§2271 'This teaching has not changed and remains unchangeable'
Denominations,The Catholic Church,Homosexuality,Verified,Catechism §2357–2359 (vatican.va),2026-10-07,Quotations in cell match §2357–2358 verbatim
Denominations,The Catholic Church,Alcohol,Verified,Catechism §2290 (vatican.va),2026-10-07,Temperance; drunkenness grave where it endangers; no prohibition of moderate use
Denominations,The Catholic Church,Divorce and remarriage,Verified,Catechism §1650–1651 (vatican.va),2026-10-07,§1650 civilly remarried cannot receive Communion while the situation persists
Denominations,The Catholic Church,Contraception,Verified,Catechism §2370 (vatican.va); Humanae Vitae 14 (1968),2026-10-07,§2370 periodic continence conforms; contraceptive acts 'intrinsically evil'
Denominations,The Catholic Church,Gambling,Verified,Catechism §2413 (vatican.va),2026-10-07,Verbatim match
Denominations,The Catholic Church,Dancing,Verified,Catechism (no paragraph addresses dancing),2026-10-07,'Not addressed' confirmed by absence
Denominations,The Catholic Church,Premarital sex/cohabitation,Verified,"Catechism §2348, §2350, §2353 (vatican.va)",2026-10-07,Engaged couples called to continence; fornication gravely contrary to dignity
Denominations,The Catholic Church,War/pacifism,Verified,Catechism §2309 (vatican.va),2026-10-07,Four conditions quoted in full
Denominations,The Catholic Church,Death penalty,Verified,Catechism §2267 as revised 2 Aug 2018 (vatican.va),2026-10-07,'inadmissible… works with determination for its abolition worldwide'
Denominations,The Catholic Church,Scripture and Tradition,Verified,Catechism §80–86 (vatican.va); Dei Verbum 9–10,2026-10-07,§82 not 'from the holy Scriptures alone'
Denominations,The Catholic Church,The Trinity and the person of Christ,Verified,"Catechism §232–267 (vatican.va), esp. §246–247 filioque, §253",2026-10-07,Chalcedonian definition (§464–469) not fetched this pass; Trinity and filioque confirmed
Denominations,The Catholic Church,Predestination and free will,Verified,"Catechism §600, §1037, §2008 (vatican.va); Trent Decree on Justification (1547)",2026-10-07,§600 'includes in it each person's free response'; §1037 quoted verbatim
Denominations,The Catholic Church,Sanctification and holiness,Verified,"Catechism §1989–1995, §2006–2011, §1030–1032 (vatican.va)",2026-10-07,§1995 justification entails sanctification; §1030–1031 purgatory
Denominations,The Catholic Church,"Hell, judgment and the fate of the lost",Verified,"Catechism §1033–1037, §847 (vatican.va)",2026-10-07,"Cell rewritten to quote §1033, §1037, §847; unsupported 'never declared any named individual' sentence removed"
Denominations,The Catholic Church,"Mary, the saints and prayer for the dead",Verified,"Catechism §491, §499, §509, §956–958, §966, §971, §1032 (vatican.va)",2026-10-07,Assumption is §966 — added to the source label
Denominations,The Catholic Church,"Worship: day, style and liturgy",Verified,"Catechism §2174–2188 (vatican.va), esp. §2180–2181",2026-10-07,"Sunday obligation; Traditionis Custodes (2021) and Sacrosanctum Concilium (1963) cited, not fetched this pass"
Denominations,The Catholic Church,Church and state / political engagement,Verified,Code of Canon Law c. 285 §3 (vatican.va); Dignitatis Humanae (1965); USCCB Forming Consciences for Faithful Citizenship,2026-10-07,c. 285 §3 quoted verbatim: 'forbidden to assume public offices which entail a participation in the exercise of civil power'
Denominations,The Catholic Church,"Race, ethnicity and the church",Verified,"USCCB Open Wide Our Hearts (approved 14 Nov 2018, 241–3–1) and Brothers and Sisters to Us (1979)",2026-10-07,2018 letter: 'Acts of racism have been committed by leaders and members of the Catholic Church'
Denominations,The Catholic Church,Creation and the age of the earth,Verified,"Catechism §283–284, §390 (vatican.va); Humani Generis §36–37 (vatican.va)",2026-10-07,"Cell corrected: §390 is about Genesis 3, not Genesis 1–3; HG 36–37 wording added"
Denominations,The Catholic Church,Tithing and the prosperity gospel,Verified,Catechism §2043 (vatican.va),2026-10-07,"Cell corrected: material support is a duty stated alongside the five precepts, not 'the fifth precept'"
Denominations,The Catholic Church,Bible translations and KJV-onlyism,Verified,Code of Canon Law c. 825 §1–2 (vatican.va); Liturgiam Authenticam (2001),2026-10-07,c. 825 §1 quoted: scriptures 'cannot be published unless the Apostolic See or the conference of bishops has approved them'
Denominations,The Catholic Church,Marriage roles: complementarian and egalitarian,Verified,"Mulieris Dignitatem §24 (1988), read via catholicculture.org's transcription; Catechism §1601–1666",2026-10-07,'must be understood in the sense of a mutual subjection of both out of reverence for Christ'
Denominations,Southern Baptist Convention (SBC),View of Scripture,Verified,"Baptist Faith and Message 2000 (text at sbts.edu/baptist-faith-and-message), Art. I",2026-10-07,"'truth, without any mixture of error, for its matter' verbatim"
Denominations,Southern Baptist Convention (SBC),Salvation,Verified,"Baptist Faith and Message 2000 (text at sbts.edu/baptist-faith-and-message), Art. IV–V",2026-10-07,Art. V deliberately compatible with both views
Denominations,Southern Baptist Convention (SBC),Baptism,Verified,"Baptist Faith and Message 2000 (text at sbts.edu/baptist-faith-and-message), Art. VII",2026-10-07,'immersion of a believer in water'
Denominations,Southern Baptist Convention (SBC),The Lord's Supper,Verified,"Baptist Faith and Message 2000 (text at sbts.edu/baptist-faith-and-message), Art. VII",2026-10-07,'symbolic act of obedience… memorialize the death of the Redeemer'
Denominations,Southern Baptist Convention (SBC),Church government,Verified,"Baptist Faith and Message 2000 (text at sbts.edu/baptist-faith-and-message), Art. VI",2026-10-07,'autonomous local congregation… democratic processes'
Denominations,Southern Baptist Convention (SBC),Eschatology,Verified,"Baptist Faith and Message 2000 (text at sbts.edu/baptist-faith-and-message), Art. X",2026-10-07,Return 'personally and visibly'; no millennial scheme specified
Denominations,Southern Baptist Convention (SBC),Spiritual gifts,Verified,Baptist Faith and Message 2000 (text at sbts.edu/baptist-faith-and-message) (no article on gifts),2026-10-07,Absence confirmed; 'no uniform position' stands
Denominations,Southern Baptist Convention (SBC),Women's ordination,Verified,"Baptist Faith and Message 2000 (text at sbts.edu/baptist-faith-and-message), Art. VI; June 11 2026 Orlando vote 6,028–2,026 (Beliefnet/Christian News Today report)",2026-10-07,"Second two-thirds vote required in 2027, as the cell says"
Denominations,Southern Baptist Convention (SBC),Abortion,Verified,"Baptist Faith and Message 2000 (text at sbts.edu/baptist-faith-and-message), Art. XV",2026-10-07,"Cell corrected: 'from conception to natural death', not 'fertilization'"
Denominations,Southern Baptist Convention (SBC),Homosexuality,Verified,"Baptist Faith and Message 2000 (text at sbts.edu/baptist-faith-and-message), Art. XV, XVIII",2026-10-07,"'adultery, homosexuality, and pornography'; marriage one man and one woman"
Denominations,Southern Baptist Convention (SBC),Alcohol,Verified,"SBC Resolution On Alcohol Use In America (Greensboro, 2006), via D. K. Williams's account; BF&M checked and silent",2026-10-07,"Cell corrected: abstinence rests on resolutions, not the BF&M"
Denominations,Southern Baptist Convention (SBC),Divorce and remarriage,Verified,"Baptist Faith and Message 2000 (text at sbts.edu/baptist-faith-and-message), Art. XVIII (lifetime); no article on divorce",2026-10-07,Cell corrected: BF&M does not state grounds for divorce
Denominations,Southern Baptist Convention (SBC),Contraception,Verified,Baptist Faith and Message 2000 (text at sbts.edu/baptist-faith-and-message) (no mention),2026-10-07,'Not addressed in the BF&M' confirmed
Denominations,Southern Baptist Convention (SBC),Gambling,Verified,"SBC resolution on sports betting (Dallas, 2025; Christianity Today report)",2026-10-07,Cell now names the 2025 resolution
Denominations,Southern Baptist Convention (SBC),Dancing,Verified,Baptist Faith and Message 2000 (text at sbts.edu/baptist-faith-and-message) (no mention),2026-10-07,Confirmed not in the confession
Denominations,Southern Baptist Convention (SBC),Premarital sex/cohabitation,Verified,"Baptist Faith and Message 2000 (text at sbts.edu/baptist-faith-and-message), Art. XV, XVIII",2026-10-07,'all forms of sexual immorality'
Denominations,Southern Baptist Convention (SBC),War/pacifism,Verified,"Baptist Faith and Message 2000 (text at sbts.edu/baptist-faith-and-message), Art. XVI",2026-10-07,Cell corrected: BF&M has a Peace and War article
Denominations,Southern Baptist Convention (SBC),Death penalty,Verified,"SBC Resolution On Capital Punishment (Orlando, 2000; sbc.net)",2026-10-07,'fair and equitable use of capital punishment… legitimate form of punishment'
Denominations,Southern Baptist Convention (SBC),Scripture and Tradition,Verified,"Baptist Faith and Message 2000 (text at sbts.edu/baptist-faith-and-message), Preamble and Art. I",2026-10-07,'having no authority over the conscience' verbatim
Denominations,Southern Baptist Convention (SBC),The Trinity and the person of Christ,Verified,"Baptist Faith and Message 2000 (text at sbts.edu/baptist-faith-and-message), Art. II",2026-10-07,'eternal triune God'
Denominations,Southern Baptist Convention (SBC),Predestination and free will,Verified,"Baptist Faith and Message 2000 (text at sbts.edu/baptist-faith-and-message), Art. V",2026-10-07,'consistent with the free agency of man' verbatim; 2013 committee report not fetched
Denominations,Southern Baptist Convention (SBC),Sanctification and holiness,Verified,"Baptist Faith and Message 2000 (text at sbts.edu/baptist-faith-and-message), Art. IV.B",2026-10-07,'beginning in regeneration… progress toward moral and spiritual maturity'
Denominations,Southern Baptist Convention (SBC),"Hell, judgment and the fate of the lost",Verified,"Baptist Faith and Message 2000 (text at sbts.edu/baptist-faith-and-message), Art. X",2026-10-07,Verbatim
Denominations,Southern Baptist Convention (SBC),"Mary, the saints and prayer for the dead",Verified,"Baptist Faith and Message 2000 (text at sbts.edu/baptist-faith-and-message), Art. II.B, VI",2026-10-07,"By implication, as the cell states"
Denominations,Southern Baptist Convention (SBC),"Worship: day, style and liturgy",Verified,"Baptist Faith and Message 2000 (text at sbts.edu/baptist-faith-and-message), Art. VIII",2026-10-07,'The first day of the week is the Lord's Day'
Denominations,Southern Baptist Convention (SBC),Church and state / political engagement,Verified,"Baptist Faith and Message 2000 (text at sbts.edu/baptist-faith-and-message), Art. XVII",2026-10-07,'Church and state should be separate' verbatim
Denominations,Southern Baptist Convention (SBC),"Race, ethnicity and the church",Verified,SBC resolutions 1995 (Atlanta; sbc.net) and 2021 (Nashville; sbc.net),2026-10-07,1995 apology quoted; 2017 and 2019 resolutions not fetched this pass
Denominations,Southern Baptist Convention (SBC),Creation and the age of the earth,Verified,"Baptist Faith and Message 2000 (text at sbts.edu/baptist-faith-and-message), Art. III; SBC Resolution On Scientific Creationism (New Orleans, 1 June 1982; sbc.net)",2026-10-07,1982: 'support for the teaching of Scientific Creationism in our public schools'
Denominations,Southern Baptist Convention (SBC),Tithing and the prosperity gospel,Verified,"Baptist Faith and Message 2000 (text at sbts.edu/baptist-faith-and-message), Art. XIII",2026-10-07,"'cheerfully, regularly, systematically, proportionately, and liberally' verbatim"
Denominations,Southern Baptist Convention (SBC),Bible translations and KJV-onlyism,Verified,"Lifeway/Holman publishing record (HCSB 2004, CSB 2017); BF&M silent",2026-10-07,Publishing dates are public record; not a confessional claim
Denominations,Southern Baptist Convention (SBC),Marriage roles: complementarian and egalitarian,Verified,"Baptist Faith and Message 2000 (text at sbts.edu/baptist-faith-and-message), Art. XVIII, VI",2026-10-07,"'servant leadership', 'submit herself graciously', 'limited to men as qualified by Scripture'"
Denominations,Seventh-day Adventist Church,View of Scripture,Verified,"28 Fundamental Beliefs (text at ssnet.org, matching adventist.org/beliefs), Beliefs 1 and 18",2026-10-07,"Cell corrected: 'infallible revelation', not 'inerrancy'"
Denominations,Seventh-day Adventist Church,Salvation,Verified,"28 Fundamental Beliefs (text at ssnet.org, matching adventist.org/beliefs), Belief 10",2026-10-07,'Salvation is all of grace and not of works'
Denominations,Seventh-day Adventist Church,Baptism,Verified,"28 Fundamental Beliefs (text at ssnet.org, matching adventist.org/beliefs), Belief 15",2026-10-07,'by immersion in water'
Denominations,Seventh-day Adventist Church,The Lord's Supper,Verified,"28 Fundamental Beliefs (text at ssnet.org, matching adventist.org/beliefs), Belief 16",2026-10-07,Foot washing ordained; quarterly frequency is Church Manual practice
Denominations,Seventh-day Adventist Church,Eschatology,Verified,"28 Fundamental Beliefs (text at ssnet.org, matching adventist.org/beliefs), Beliefs 24–25",2026-10-07,Investigative judgment in Belief 24
Denominations,Seventh-day Adventist Church,Spiritual gifts,Verified,"28 Fundamental Beliefs (text at ssnet.org, matching adventist.org/beliefs), Beliefs 17–18",2026-10-07,Gift of prophecy manifested in Ellen G. White
Denominations,Seventh-day Adventist Church,Abortion,Verified,"Statement on the Biblical View of Unborn Life (Annual Council, Oct 2019), via Adventist Today's report",2026-10-07,Cell rewritten to the 2019 statement; the former wording described the 1992 guidelines
Denominations,Seventh-day Adventist Church,Homosexuality,Verified,"28 Fundamental Beliefs (text at ssnet.org, matching adventist.org/beliefs), Belief 23",2026-10-07,Marriage 'a lifelong union between a man and a woman'
Denominations,Seventh-day Adventist Church,Alcohol,Verified,"28 Fundamental Beliefs (text at ssnet.org, matching adventist.org/beliefs), Belief 22",2026-10-07,'abstain from' alcoholic beverages and tobacco
Denominations,Seventh-day Adventist Church,Premarital sex/cohabitation,Verified,"28 Fundamental Beliefs (text at ssnet.org, matching adventist.org/beliefs), Belief 23",2026-10-07,Sexual intimacy within marriage
Denominations,Seventh-day Adventist Church,Scripture and Tradition,Verified,"28 Fundamental Beliefs (text at ssnet.org, matching adventist.org/beliefs), Beliefs 1 and 18",2026-10-07,'a continuing and authoritative source of truth' verbatim
Denominations,Seventh-day Adventist Church,The Trinity and the person of Christ,Verified,"28 Fundamental Beliefs (text at ssnet.org, matching adventist.org/beliefs), Beliefs 2–5",2026-10-07,
Denominations,Seventh-day Adventist Church,Predestination and free will,Verified,"28 Fundamental Beliefs (text at ssnet.org, matching adventist.org/beliefs), Belief 10",2026-10-07,
Denominations,Seventh-day Adventist Church,Sanctification and holiness,Verified,"28 Fundamental Beliefs (text at ssnet.org, matching adventist.org/beliefs), Beliefs 10 and 22",2026-10-07,
Denominations,Seventh-day Adventist Church,"Hell, judgment and the fate of the lost",Verified,"28 Fundamental Beliefs (text at ssnet.org, matching adventist.org/beliefs), Beliefs 26–27",2026-10-07,Belief 27: 'fire from God will consume them and cleanse the earth'
Denominations,Seventh-day Adventist Church,"Mary, the saints and prayer for the dead",Verified,"28 Fundamental Beliefs (text at ssnet.org, matching adventist.org/beliefs), Belief 26",2026-10-07,'death is an unconscious state for all people'
Denominations,Seventh-day Adventist Church,"Worship: day, style and liturgy",Verified,"28 Fundamental Beliefs (text at ssnet.org, matching adventist.org/beliefs), Belief 20",2026-10-07,"'from evening to evening, sunset to sunset'"
Denominations,Seventh-day Adventist Church,Creation and the age of the earth,Verified,"28 Fundamental Beliefs (text at ssnet.org, matching adventist.org/beliefs), Belief 6 (2015 wording)",2026-10-07,"'in a recent six-day creation', 'six literal days'"
Denominations,Seventh-day Adventist Church,Tithing and the prosperity gospel,Verified,"28 Fundamental Beliefs (text at ssnet.org, matching adventist.org/beliefs), Belief 21",2026-10-07,"Cell corrected: the Belief says 'tithes', not ten percent"
Denominations,Seventh-day Adventist Church,Marriage roles: complementarian and egalitarian,Verified,"28 Fundamental Beliefs (text at ssnet.org, matching adventist.org/beliefs), Belief 23",2026-10-07,"'Mutual love, honor, respect, and responsibility' verbatim; 2015 GC vote not fetched this pass"
