ID,Category,Section,File,Entry / Verse,Translation(s) or Subject,What the text currently says,Status,How to close,Priority,Est. lookups,Change since 1 Oct inventory,Marker file,Marker phrase
1,A – Expectation never turned into a check,090,180 Job.md,Job 13:15,RSV2CE,Closed in the RSV Catholic Edition text that RSV2CE carries forward,Open – print only,"Read RSV2CE (Ignatius Press print or ebook) at this verse; the RSV Catholic Edition online is a proxy, not the RSV2CE itself. Record the actual wording in the entry.",High,1,Closed from the RSV-CE text (batch against v20261001e); now carries the same proxy label as rows 12-20 | 2 Oct (reopen): reopened — proxy checks no longer count as closed; the exact RSV2CE text must be read,,
2,A – Expectation never turned into a check,090,410 Mark.md,Mark 16:9–20,NRSV-CE,NRSV-CE prints 16:9-20 under its own heading in double brackets with a footnote,Closed,Done,None,0,Closed (batch against v20261001e),,
3,A – Expectation never turned into a check,090,190 Psalms.md,Psalm 22:16,AKJV,AKJV checked against the supplied text; matches KJV,Closed,Done,None,0,Closed from the supplied AKJV docx (batch against v20261001e),,
4,A – Expectation never turned into a check,090,190 Psalms.md,Psalm 22:16,CPDV,"CPDV checked: reads ""pierced"" rather than following Douay-Rheims",Closed,Done,None,0,Closed from the supplied CPDV docx; expectation was WRONG and the text was corrected (batch against v20261001e),,
5,A – Expectation never turned into a check,090,660 Revelation.md,Revelation 22:19,"Douay-Rheims, CPDV",Douay-Rheims and CPDV checked at 22:19,Closed,Done,None,0,Closed from the supplied Douay-Rheims and CPDV docx (batch against v20261001e),,
6,A – Expectation never turned into a check,090,391 Tobit.md,Tobit (summary observations),CPDV,"Expectation confirmed and rewritten as a finding: CPDV Tobit 1 is the Vulgate 25-verse third-person form matching Douay-Rheims (RSV2CE/NABRE: 22 verses, ""I, Tobit"")",Closed,Done,None,0,"No change — CPDV docx is on hand, so this is now closable from supplied text; Jim to state the specific concern before edits | 2 Oct: NOT closable from the supplied docx — CPDV and DRB files contain no Tobit, Judith, Wisdom or Sirach | 2 Oct (2nd batch): Closed from the CPDV deuterocanon online (biblics.com / sacrilo.com CPDV text, DRA alongside)",,
7,A – Expectation never turned into a check,090,392 Judith.md,Judith (summary observations),CPDV,Expectation confirmed and rewritten as a finding: CPDV Judith 1 opens with Arphaxad and Ecbatana in the Vulgate 12-verse form matching Douay-Rheims (RSV2CE/NABRE open with Nebuchadnezzar's twelfth year),Closed,Done,None,0,"No change — CPDV docx is on hand, so this is now closable from supplied text; Jim to state the specific concern before edits | 2 Oct: NOT closable from the supplied docx — CPDV and DRB files contain no Tobit, Judith, Wisdom or Sirach | 2 Oct (2nd batch): Closed from the CPDV deuterocanon online (biblics.com / sacrilo.com CPDV text, DRA alongside)",,
8,A – Expectation never turned into a check,090,393 Wisdom of Solomon.md,Wisdom (background),CPDV,"Expectation confirmed and rewritten as a finding: CPDV Wisdom 1:1 and 1:14 track Douay-Rheims nearly word for word (""kingdom of hell"" where Greek-based texts read ""Hades"")",Closed,Done,None,0,"No change — CPDV docx is on hand, so this is now closable from supplied text; Jim to state the specific concern before edits | 2 Oct: NOT closable from the supplied docx — CPDV and DRB files contain no Tobit, Judith, Wisdom or Sirach | 2 Oct (2nd batch): Closed from the CPDV deuterocanon online (biblics.com / sacrilo.com CPDV text, DRA alongside)",,
9,A – Expectation never turned into a check,090,394 Sirach.md,Sirach 33:1,RSV2CE,"""would be expected to follow the same singular-'evil' pattern"" as NABRE",Open – print only,"Needs print RSV2CE (Sirach is in the BibleGateway RSV-CE, so a proxy check is also possible); not in the supplied files",Medium,1,No change | 2 Oct: No change — RSV2CE not among the supplied files,090 Manuscript and Translation Differences/394 Sirach.md,"would be expected to follow the same singular-""evil"" pattern"
10,A – Expectation never turned into a check,090,394 Sirach.md,Sirach 33:1 and background,CPDV,"Expectation confirmed and rewritten as a finding: CPDV Sirach 33:1 reads plural ""evils"" twice, matching Douay-Rheims",Closed,Done,None,0,"No change — closable from the supplied CPDV docx | 2 Oct: NOT closable from the supplied docx — CPDV and DRB files contain no Tobit, Judith, Wisdom or Sirach | 2 Oct (2nd batch): Closed from the CPDV deuterocanon online (biblics.com / sacrilo.com CPDV text, DRA alongside)",,
11,A – Expectation never turned into a check,100,170 Esther.md,Esther §1 (book never names God),"CJB, RSV","CJB and RSV checked at 4:14, 4:16 and 6:1 (the known gloss points) and across CJB chapters 1 and 6 and RSV chapters 4-6 in full; no divine name or title; entry rewritten accordingly",Closed,Done,None,0,"Partly closed: ASV, WEB, Darby, YLT, SLT, Webster's, AKJV and BSB confirmed from supplied docx (batch against v20261001e); 5 translations still ""expected"" | 2 Oct: NET (supplied 2005 first edition) and TRB (supplied scan) confirmed — no divine name in Esther 1-10; moved into the checked list. ERV not closable: the supplied erv.docx is the 1885 Revised Version, not the Easy-to-Read Version; CJB and RSV not supplied | 2 Oct (2nd batch): ERV (Easy-to-Read) closed from the supplied e2rv.pdf — no divine name in Esther 1-10, only a translator's footnote at 9:30; moved into the checked list. CJB and RSV remain | 2 Oct (3rd batch): CJB and RSV closed from biblestudytools.com chapter and compare pages",,
12,B – RSV2CE checked only by proxy (RSV Catholic Edition); exact text still to be read,090,140 2 Chronicles.md,2 Chronicles 22:2,RSV2CE,"Reading ""forty-two""; labelled ""confirmed in the RSV Catholic Edition text that RSV2CE carries forward …""",Open – print only,"Read RSV2CE (Ignatius Press print or ebook) at this verse; the RSV Catholic Edition online is a proxy, not the RSV2CE itself. Record the actual wording in the entry.",High,1,No change | 2 Oct (reopen): reopened — proxy checks no longer count as closed; the exact RSV2CE text must be read,,
13,B – RSV2CE checked only by proxy (RSV Catholic Edition); exact text still to be read,100,140 2 Chronicles.md,2 Chronicles 22:2 (§2),RSV2CE,"Reading ""forty-two""; labelled ""confirmed in the RSV Catholic Edition text that RSV2CE carries forward …""",Open – print only,"Read RSV2CE (Ignatius Press print or ebook) at this verse; the RSV Catholic Edition online is a proxy, not the RSV2CE itself. Record the actual wording in the entry.",High,1,No change | 2 Oct (reopen): reopened — proxy checks no longer count as closed; the exact RSV2CE text must be read,,
14,B – RSV2CE checked only by proxy (RSV Catholic Edition); exact text still to be read,090,140 2 Chronicles.md,2 Chronicles 36:9,RSV2CE,"Reading ""eight""; labelled ""confirmed in the RSV Catholic Edition text that RSV2CE carries forward …""",Open – print only,"Read RSV2CE (Ignatius Press print or ebook) at this verse; the RSV Catholic Edition online is a proxy, not the RSV2CE itself. Record the actual wording in the entry.",High,1,No change | 2 Oct (reopen): reopened — proxy checks no longer count as closed; the exact RSV2CE text must be read,,
15,B – RSV2CE checked only by proxy (RSV Catholic Edition); exact text still to be read,100,140 2 Chronicles.md,2 Chronicles 36:9 (§1),RSV2CE,"Reading ""eight""; labelled ""confirmed in the RSV Catholic Edition text that RSV2CE carries forward …""",Open – print only,"Read RSV2CE (Ignatius Press print or ebook) at this verse; the RSV Catholic Edition online is a proxy, not the RSV2CE itself. Record the actual wording in the entry.",High,1,No change | 2 Oct (reopen): reopened — proxy checks no longer count as closed; the exact RSV2CE text must be read,,
16,B – RSV2CE checked only by proxy (RSV Catholic Edition); exact text still to be read,090,070 Judges.md,Judges 16:13–14,RSV2CE,"Reading full restoration, no brackets; labelled ""confirmed in the RSV Catholic Edition text that RSV2CE carries forward …""",Open – print only,"Read RSV2CE (Ignatius Press print or ebook) at this verse; the RSV Catholic Edition online is a proxy, not the RSV2CE itself. Record the actual wording in the entry.",High,1,No change | 2 Oct (reopen): reopened — proxy checks no longer count as closed; the exact RSV2CE text must be read,,
17,B – RSV2CE checked only by proxy (RSV Catholic Edition); exact text still to be read,090,420 Luke.md,Luke 17:36,RSV2CE,"Reading omitted, footnoted; labelled ""confirmed in the RSV Catholic Edition text that RSV2CE carries forward …""",Open – print only,"Read RSV2CE (Ignatius Press print or ebook) at this verse; the RSV Catholic Edition online is a proxy, not the RSV2CE itself. Record the actual wording in the entry.",High,1,No change | 2 Oct (reopen): reopened — proxy checks no longer count as closed; the exact RSV2CE text must be read,,
18,B – RSV2CE checked only by proxy (RSV Catholic Edition); exact text still to be read,100,500 Philippians.md,Philippians 2:7,RSV2CE,"Reading ""emptied himself""; labelled ""confirmed in the RSV Catholic Edition text that RSV2CE carries forward …""",Open – print only,"Read RSV2CE (Ignatius Press print or ebook) at this verse; the RSV Catholic Edition online is a proxy, not the RSV2CE itself. Record the actual wording in the entry.",High,1,No change | 2 Oct (reopen): reopened — proxy checks no longer count as closed; the exact RSV2CE text must be read,,
19,B – RSV2CE checked only by proxy (RSV Catholic Edition); exact text still to be read,100,380 Zechariah.md,Zechariah 12:10,RSV2CE,"Reading ""him""; labelled ""confirmed in the RSV Catholic Edition text that RSV2CE carries forward …""",Open – print only,"Read RSV2CE (Ignatius Press print or ebook) at this verse; the RSV Catholic Edition online is a proxy, not the RSV2CE itself. Record the actual wording in the entry.",High,1,No change | 2 Oct (reopen): reopened — proxy checks no longer count as closed; the exact RSV2CE text must be read,,
20,B – RSV2CE checked only by proxy (RSV Catholic Edition); exact text still to be read,100,320 Jonah.md,Matthew 12:40 (Jonah §3),RSV2CE,"Reading ""whale""; labelled ""confirmed in the RSV Catholic Edition text that RSV2CE carries forward …""",Open – print only,"Read RSV2CE (Ignatius Press print or ebook) at this verse; the RSV Catholic Edition online is a proxy, not the RSV2CE itself. Record the actual wording in the entry.",High,1,No change | 2 Oct (reopen): reopened — proxy checks no longer count as closed; the exact RSV2CE text must be read,,
21,B – RSV2CE checked only by proxy (RSV Catholic Edition); exact text still to be read,090,620 1 John.md,1 John 5:7–8,NRSV-CE,"Confirmed from NRSV text / scholarly sources, not the BibleGateway NRSVCE page itself (editions textually identical)",Open,"Check the NRSV-CE itself on BibleGateway (NRSVCE) at this verse, including its footnote, and record the wording in the entry.",High,1,No change | 2 Oct (reopen): reopened — the NRSV parent text was a proxy; the NRSV-CE text must be read directly,,
22,B – RSV2CE checked only by proxy (RSV Catholic Edition); exact text still to be read,090,400 Matthew.md,Matthew 6:13,NRSV-CE,"Confirmed from NRSV text / scholarly sources, not the BibleGateway NRSVCE page itself (editions textually identical)",Open,"Check the NRSV-CE itself on BibleGateway (NRSVCE) at this verse, including its footnote, and record the wording in the entry.",High,1,No change | 2 Oct (reopen): reopened — the NRSV parent text was a proxy; the NRSV-CE text must be read directly,,
23,B – RSV2CE checked only by proxy (RSV Catholic Edition); exact text still to be read,090,420 Luke.md,Luke 22:43–44,NRSV-CE,"Confirmed from NRSV text / scholarly sources, not the BibleGateway NRSVCE page itself (editions textually identical)",Open,"Check the NRSV-CE itself on BibleGateway (NRSVCE) at this verse, including its footnote, and record the wording in the entry.",High,1,No change | 2 Oct (reopen): reopened — the NRSV parent text was a proxy; the NRSV-CE text must be read directly,,
24,B – RSV2CE checked only by proxy (RSV Catholic Edition); exact text still to be read,090,420 Luke.md,Luke 23:34,NRSV-CE,"Confirmed from NRSV text / scholarly sources, not the BibleGateway NRSVCE page itself (editions textually identical)",Open,"Check the NRSV-CE itself on BibleGateway (NRSVCE) at this verse, including its footnote, and record the wording in the entry.",High,1,No change | 2 Oct (reopen): reopened — the NRSV parent text was a proxy; the NRSV-CE text must be read directly,,
25,B – RSV2CE checked only by proxy (RSV Catholic Edition); exact text still to be read,090,650 Jude.md,Jude 5,NRSV-CE,"Confirmed from NRSV text / scholarly sources, not the BibleGateway NRSVCE page itself (editions textually identical)",Open,"Check the NRSV-CE itself on BibleGateway (NRSVCE) at this verse, including its footnote, and record the wording in the entry.",High,1,No change | 2 Oct (reopen): reopened — the NRSV parent text was a proxy; the NRSV-CE text must be read directly,,
26,"C – Scope statement: AKJV, ASV, BSB, CJB, CPDV, Darby, Douay-Rheims, ERV, NABRE, NET, NRSV-CE, RSV, SLT, TRB, WEB, Webster's, YLT not checked",090,020 Exodus.md,Exodus 1:5,"AKJV, ASV, BSB, CJB, CPDV, Darby, Douay-Rheims, ERV, NABRE, NET Bible, NRSV-CE, RSV, Smith's Literal Translation, TRB, WEB, Webster's Bible, YLT","All 17 named translations now checked at this variant: all read ""seventy""",Closed,Done,None,0,"Closed: AKJV, ASV, BSB, CPDV, Darby, Douay-Rheims, SLT, TRB, WEB, Webster's, YLT from supplied texts (v20261001e); CJB, ERV, NABRE, NET, NRSV-CE, RSV from BibleGateway all-versions pages (v20261001h)",,
27,"C – Scope statement: AKJV, ASV, BSB, CJB, CPDV, Darby, Douay-Rheims, ERV, NABRE, NET, NRSV-CE, RSV, SLT, TRB, WEB, Webster's, YLT not checked",090,030 Leviticus.md,Leviticus 17:3–4,"AKJV, ASV, BSB, CJB, CPDV, Darby, Douay-Rheims, ERV, NABRE, NET Bible, NRSV-CE, RSV, Smith's Literal Translation, TRB, WEB, Webster's Bible, YLT",All 17 named translations now checked at this variant; TRB: Leviticus 17:3-4 — shorter MT text,Closed,Done,None,0,All but TRB closed (supplied texts v20261001e; web v20261001h); note added that WEB editions differ at 17:4 (one online edition brackets the longer Qumran/LXX wording) | 2 Oct: TRB closed from the supplied scan,,
28,"C – Scope statement: AKJV, ASV, BSB, CJB, CPDV, Darby, Douay-Rheims, ERV, NABRE, NET, NRSV-CE, RSV, SLT, TRB, WEB, Webster's, YLT not checked",090,030 Leviticus.md,Leviticus 18:21 / 20:2–5,"AKJV, ASV, BSB, CJB, CPDV, Darby, Douay-Rheims, ERV, NABRE, NET Bible, NRSV-CE, RSV, Smith's Literal Translation, TRB, WEB, Webster's Bible, YLT","All 17 named translations now checked at this variant: all name Molech (CJB ""Molekh"")",Closed,Done,None,0,"Closed: AKJV, ASV, BSB, CPDV, Darby, Douay-Rheims, SLT, TRB, WEB, Webster's, YLT from supplied texts (v20261001e); CJB, ERV, NABRE, NET, NRSV-CE, RSV from BibleGateway all-versions pages (v20261001h)",,
29,"C – Scope statement: AKJV, ASV, BSB, CJB, CPDV, Darby, Douay-Rheims, ERV, NABRE, NET, NRSV-CE, RSV, SLT, TRB, WEB, Webster's, YLT not checked",090,040 Numbers.md,Numbers 24:7,"AKJV, ASV, BSB, CJB, CPDV, Darby, Douay-Rheims, ERV, NABRE, NET Bible, NRSV-CE, RSV, Smith's Literal Translation, TRB, WEB, Webster's Bible, YLT","All 17 named translations now checked at this variant: all read ""Agag""",Closed,Done,None,0,"Closed: AKJV, ASV, BSB, CPDV, Darby, Douay-Rheims, SLT, TRB, WEB, Webster's, YLT from supplied texts (v20261001e); CJB, ERV, NABRE, NET, NRSV-CE, RSV from BibleGateway all-versions pages (v20261001h)",,
30,"C – Scope statement: AKJV, ASV, BSB, CJB, CPDV, Darby, Douay-Rheims, ERV, NABRE, NET, NRSV-CE, RSV, SLT, TRB, WEB, Webster's, YLT not checked",090,060 Joshua.md,Joshua 6,"AKJV, ASV, BSB, CJB, CPDV, Darby, Douay-Rheims, ERV, NABRE, NET Bible, NRSV-CE, RSV, Smith's Literal Translation, TRB, WEB, Webster's Bible, YLT","All 17 named translations now checked at this variant; TRB: Joshua 6:4 — seven priests, seven rams' horn trumpets",Closed,Done,None,0,All but TRB closed (supplied texts v20261001e; web v20261001h) | 2 Oct: TRB closed from the supplied scan,,
31,"C – Scope statement: AKJV, ASV, BSB, CJB, CPDV, Darby, Douay-Rheims, ERV, NABRE, NET, NRSV-CE, RSV, SLT, TRB, WEB, Webster's, YLT not checked",090,060 Joshua.md,Joshua 8:30–35,"AKJV, ASV, BSB, CJB, CPDV, Darby, Douay-Rheims, ERV, NABRE, NET Bible, NRSV-CE, RSV, Smith's Literal Translation, TRB, WEB, Webster's Bible, YLT",All 17 named translations now checked at this variant: all keep MT placement of 8:30-35,Closed,Done,None,0,"Closed: AKJV, ASV, BSB, CPDV, Darby, Douay-Rheims, SLT, TRB, WEB, Webster's, YLT from supplied texts (v20261001e); CJB, ERV, NABRE, NET, NRSV-CE, RSV from BibleGateway all-versions pages (v20261001h)",,
32,"C – Scope statement: AKJV, ASV, BSB, CJB, CPDV, Darby, Douay-Rheims, ERV, NABRE, NET, NRSV-CE, RSV, SLT, TRB, WEB, Webster's, YLT not checked",090,080 Ruth.md,Ruth 3:15,"AKJV, ASV, BSB, CJB, CPDV, Darby, Douay-Rheims, ERV, NABRE, NET Bible, NRSV-CE, RSV, Smith's Literal Translation, TRB, WEB, Webster's Bible, YLT","All 17 named translations now checked at this variant: NRSV-CE, NET, NABRE, CJB, ERV read ""he""; RSV ""she""; NLT also corrected to ""he"" — ""he"" now leads 13-14 across all 27",Closed,Done,None,0,"Closed: AKJV, ASV, BSB, CPDV, Darby, Douay-Rheims, SLT, TRB, WEB, Webster's, YLT from supplied texts (v20261001e); CJB, ERV, NABRE, NET, NRSV-CE, RSV from BibleGateway all-versions pages (v20261001h)",,
33,"C – Scope statement: AKJV, ASV, BSB, CJB, CPDV, Darby, Douay-Rheims, ERV, NABRE, NET, NRSV-CE, RSV, SLT, TRB, WEB, Webster's, YLT not checked",090,080 Ruth.md,Ruth 4:5,"AKJV, ASV, BSB, CJB, CPDV, Darby, Douay-Rheims, ERV, NABRE, NET Bible, NRSV-CE, RSV, Smith's Literal Translation, TRB, WEB, Webster's Bible, YLT",All 17 named translations now checked at this variant: all follow the Qere,Closed,Done,None,0,"Closed: AKJV, ASV, BSB, CPDV, Darby, Douay-Rheims, SLT, TRB, WEB, Webster's, YLT from supplied texts (v20261001e); CJB, ERV, NABRE, NET, NRSV-CE, RSV from BibleGateway all-versions pages (v20261001h)",,
34,"C – Scope statement: AKJV, ASV, BSB, CJB, CPDV, Darby, Douay-Rheims, ERV, NABRE, NET, NRSV-CE, RSV, SLT, TRB, WEB, Webster's, YLT not checked",090,090 1 Samuel.md,1 Samuel 10:27–11:1,"AKJV, ASV, BSB, CJB, CPDV, Darby, Douay-Rheims, ERV, NABRE, NET Bible, NRSV-CE, RSV, Smith's Literal Translation, TRB, WEB, Webster's Bible, YLT",All 17 named translations now checked at this variant: ERV prints the Nahash paragraph unbracketed and NLT in brackets (both corrections); CJB shorter text,Closed,Done,None,0,"Closed: AKJV, ASV, BSB, CPDV, Darby, Douay-Rheims, SLT, TRB, WEB, Webster's, YLT from supplied texts (v20261001e); CJB, ERV, NABRE, NET, NRSV-CE, RSV from BibleGateway all-versions pages (v20261001h)",,
35,"C – Scope statement: AKJV, ASV, BSB, CJB, CPDV, Darby, Douay-Rheims, ERV, NABRE, NET, NRSV-CE, RSV, SLT, TRB, WEB, Webster's, YLT not checked",090,110 1 Kings.md,1 Kings 6:1,"AKJV, ASV, BSB, CJB, CPDV, Darby, Douay-Rheims, ERV, NABRE, NET Bible, NRSV-CE, RSV, Smith's Literal Translation, TRB, WEB, Webster's Bible, YLT","All 17 named translations now checked at this variant: all read ""480""",Closed,Done,None,0,"Closed: AKJV, ASV, BSB, CPDV, Darby, Douay-Rheims, SLT, TRB, WEB, Webster's, YLT from supplied texts (v20261001e); CJB, ERV, NABRE, NET, NRSV-CE, RSV from BibleGateway all-versions pages (v20261001h) — 1 Kgs 6:1 closed where the all-versions page only partially rendered; spot-check if desired",,
36,"C – Scope statement: AKJV, ASV, BSB, CJB, CPDV, Darby, Douay-Rheims, ERV, NABRE, NET, NRSV-CE, RSV, SLT, TRB, WEB, Webster's, YLT not checked",090,460 1 Corinthians.md,1 Corinthians 14:34–35,"AKJV, ASV, BSB, CJB, CPDV, Darby, Douay-Rheims, ERV, NABRE, NET Bible, NRSV-CE, RSV, Smith's Literal Translation, TRB, WEB, Webster's Bible, YLT","All 17 named translations now checked at this variant; TRB: 1 Corinthians 14:34-35 — after v33, footnote on the v40 placement",Closed,Done,None,0,All but TRB closed (supplied texts v20261001e; web v20261001h) — 1 Cor 14:34-35 web closure made where the all-versions page only partially rendered | 2 Oct: TRB closed from the supplied scan,,
37,"C – Scope statement: AKJV, ASV, BSB, CJB, CPDV, Darby, Douay-Rheims, ERV, NABRE, NET, NRSV-CE, RSV, SLT, TRB, WEB, Webster's, YLT not checked",090,490 Ephesians.md,Ephesians 1:1,"AKJV, ASV, BSB, CJB, CPDV, Darby, Douay-Rheims, ERV, NABRE, NET Bible, NRSV-CE, RSV, Smith's Literal Translation, TRB, WEB, Webster's Bible, YLT","All 17 checked: RSV and RSV-CE OMIT ""in Ephesus""; NABRE and NET bracket it; CJB, ERV, NRSV-CE read it plainly; entry now flags RSV2CE for a print check (see row 59)",Closed,Done (RSV2CE follow-up tracked as row 59),None,0,"Closed with a finding: RSV is the only tracked translation adopting the shorter text (web, v20261001h)",,
38,"C – Scope statement: AKJV, ASV, BSB, CJB, CPDV, Darby, Douay-Rheims, ERV, NABRE, NET, NRSV-CE, RSV, SLT, TRB, WEB, Webster's, YLT not checked",090,580 Hebrews.md,Hebrews 2:9,"AKJV, ASV, BSB, CJB, CPDV, Darby, Douay-Rheims, ERV, NABRE, NET Bible, NRSV-CE, RSV, Smith's Literal Translation, TRB, WEB, Webster's Bible, YLT","All 17 named translations now checked at this variant: all ""by the grace of God""",Closed,Done,None,0,"Closed: AKJV, ASV, BSB, CPDV, Darby, Douay-Rheims, SLT, TRB, WEB, Webster's, YLT from supplied texts (v20261001e); CJB, ERV, NABRE, NET, NRSV-CE, RSV from BibleGateway all-versions pages (v20261001h) — Heb 2:9 closed where the all-versions page only partially rendered; spot-check if desired",,
39,"C – Scope statement: AKJV, ASV, BSB, CJB, CPDV, Darby, Douay-Rheims, ERV, NABRE, NET, NRSV-CE, RSV, SLT, TRB, WEB, Webster's, YLT not checked",100,030 Leviticus.md,Leviticus §20 (sabbatical year / 70-year exile),"CJB, ERV, NABRE, NET Bible, NRSV-CE, RSV (web); TRB at two passages (print)","All 17 checked at all three passages; CJB, NABRE, NET, NRSV-CE, RSV keep explicit sabbath wording; ERV paraphrases ""sabbath"" to ""rest"" at Lev 25:4 and 26:34 but keeps it at 2 Chr 36:21 (recorded in the entry); TRB confirmed at all three",Closed,Done,None,0,"Partly closed: AKJV, ASV, BSB, CPDV, Darby, Douay-Rheims, SLT, WEB, Webster's, YLT closed from supplied texts and TRB at one passage (v20261001e) | 2 Oct: Closed: NET and TRB from supplied files; CJB, ERV, NABRE, NRSV-CE, RSV from BibleGateway all-versions pages at Lev 25:4, Lev 26:34, 2 Chr 36:21",,
59,B – RSV2CE checked only by proxy (RSV Catholic Edition); exact text still to be read,090,490 Ephesians.md,Ephesians 1:1,RSV2CE,"Entry says all ten first-checked translations (incl. RSV2CE) read ""in Ephesus"", but the RSV Catholic Edition text RSV2CE carries forward OMITS the words; entry now says the RSV2CE reading ""should be rechecked against a print copy""",Open – print only,Read RSV2CE (Ignatius Press print/ebook) at Ephesians 1:1; not among the supplied files,High,1,"NEW — surfaced by the web sweep (v20261001h); the only tracked translation found with the shorter text is the RSV family, so this is the one proxy site where the proxy may be wrong | 2 Oct: No change — RSV2CE not supplied",090 Manuscript and Translation Differences/490 Ephesians.md,should be rechecked against a print copy
60,"C – Scope statement: AKJV, ASV, BSB, CJB, CPDV, Darby, Douay-Rheims, ERV, NABRE, NET, NRSV-CE, RSV, SLT, TRB, WEB, Webster's, YLT not checked",090,030 Leviticus.md; 090 1 Samuel.md,Leviticus 17:4; 1 Samuel 10:27,WEB (edition differences),Cautions recorded that the supplied WEB text is the shorter one at both sites while at least one current online WEB edition prints the longer Qumran/LXX wording in square brackets,Open,Identify which WEB edition each online text is (ebible.org current WEB vs older printings) and name the editions in the Leviticus 17:4 and 1 Samuel 10:27 entries.,Medium,2,"NEW — informational; no text gap | 2 Oct (reopen): reopened — the edition difference must be pinned to named editions, not just noted",,
61,"F – Denominations: doctrinal, ethical and lifestyle positions not verified against each body's primary sources",110,010 Top Christian Denominations.md,View of Scripture,All 27 entries (doctrinal table),(filled by the build from the live tables),Open,"Check each body's stated position against its own primary source (catechism, confession, resolutions, official site) and record each check in build/verifications/position_verifications.csv",Medium,27,Added 2 Oct 2026: per-category tracking requested across both sections; nothing yet verified cell-by-cell,,
62,"F – Denominations: doctrinal, ethical and lifestyle positions not verified against each body's primary sources",110,010 Top Christian Denominations.md,Salvation,All 27 entries (doctrinal table),(filled by the build from the live tables),Open,"Check each body's stated position against its own primary source (catechism, confession, resolutions, official site) and record each check in build/verifications/position_verifications.csv",Medium,27,Added 2 Oct 2026: per-category tracking requested across both sections; nothing yet verified cell-by-cell,,
63,"F – Denominations: doctrinal, ethical and lifestyle positions not verified against each body's primary sources",110,010 Top Christian Denominations.md,Baptism,All 27 entries (doctrinal table),(filled by the build from the live tables),Open,"Check each body's stated position against its own primary source (catechism, confession, resolutions, official site) and record each check in build/verifications/position_verifications.csv",Medium,27,Added 2 Oct 2026: per-category tracking requested across both sections; nothing yet verified cell-by-cell,,
64,"F – Denominations: doctrinal, ethical and lifestyle positions not verified against each body's primary sources",110,010 Top Christian Denominations.md,The Lord's Supper,All 27 entries (doctrinal table),(filled by the build from the live tables),Open,"Check each body's stated position against its own primary source (catechism, confession, resolutions, official site) and record each check in build/verifications/position_verifications.csv",Medium,27,Added 2 Oct 2026: per-category tracking requested across both sections; nothing yet verified cell-by-cell,,
65,"F – Denominations: doctrinal, ethical and lifestyle positions not verified against each body's primary sources",110,010 Top Christian Denominations.md,Church government,All 27 entries (doctrinal table),(filled by the build from the live tables),Open,"Check each body's stated position against its own primary source (catechism, confession, resolutions, official site) and record each check in build/verifications/position_verifications.csv",Medium,27,Added 2 Oct 2026: per-category tracking requested across both sections; nothing yet verified cell-by-cell,,
66,"F – Denominations: doctrinal, ethical and lifestyle positions not verified against each body's primary sources",110,010 Top Christian Denominations.md,Eschatology,All 27 entries (doctrinal table),(filled by the build from the live tables),Open,"Check each body's stated position against its own primary source (catechism, confession, resolutions, official site) and record each check in build/verifications/position_verifications.csv",Medium,26,Added 2 Oct 2026: per-category tracking requested across both sections; nothing yet verified cell-by-cell,,
67,"F – Denominations: doctrinal, ethical and lifestyle positions not verified against each body's primary sources",110,010 Top Christian Denominations.md,Spiritual gifts,All 27 entries (doctrinal table),(filled by the build from the live tables),Open,"Check each body's stated position against its own primary source (catechism, confession, resolutions, official site) and record each check in build/verifications/position_verifications.csv",Medium,27,Added 2 Oct 2026: per-category tracking requested across both sections; nothing yet verified cell-by-cell,,
68,"F – Denominations: doctrinal, ethical and lifestyle positions not verified against each body's primary sources",110,010 Top Christian Denominations.md,Women's ordination,All 27 entries (doctrinal table),(filled by the build from the live tables),Open,"Check each body's stated position against its own primary source (catechism, confession, resolutions, official site) and record each check in build/verifications/position_verifications.csv",Medium,26,Added 2 Oct 2026: per-category tracking requested across both sections; nothing yet verified cell-by-cell,,
69,"F – Denominations: doctrinal, ethical and lifestyle positions not verified against each body's primary sources",110,010 Top Christian Denominations.md,Abortion,All 27 entries (ethical/lifestyle table),(filled by the build from the live tables),Open,"Check each body's stated position against its own primary source (catechism, confession, resolutions, official site) and record each check in build/verifications/position_verifications.csv",Medium,27,Added 2 Oct 2026: per-category tracking requested across both sections; nothing yet verified cell-by-cell,,
70,"F – Denominations: doctrinal, ethical and lifestyle positions not verified against each body's primary sources",110,010 Top Christian Denominations.md,Homosexuality,All 27 entries (ethical/lifestyle table),(filled by the build from the live tables),Open,"Check each body's stated position against its own primary source (catechism, confession, resolutions, official site) and record each check in build/verifications/position_verifications.csv",Medium,25,Added 2 Oct 2026: per-category tracking requested across both sections; nothing yet verified cell-by-cell,,
71,"F – Denominations: doctrinal, ethical and lifestyle positions not verified against each body's primary sources",110,010 Top Christian Denominations.md,Alcohol,All 27 entries (ethical/lifestyle table),(filled by the build from the live tables),Open,"Check each body's stated position against its own primary source (catechism, confession, resolutions, official site) and record each check in build/verifications/position_verifications.csv",Medium,26,Added 2 Oct 2026: per-category tracking requested across both sections; nothing yet verified cell-by-cell,,
72,"F – Denominations: doctrinal, ethical and lifestyle positions not verified against each body's primary sources",110,010 Top Christian Denominations.md,Divorce and remarriage,All 27 entries (ethical/lifestyle table),(filled by the build from the live tables),Open,"Check each body's stated position against its own primary source (catechism, confession, resolutions, official site) and record each check in build/verifications/position_verifications.csv",Medium,27,Added 2 Oct 2026: per-category tracking requested across both sections; nothing yet verified cell-by-cell,,
73,"F – Denominations: doctrinal, ethical and lifestyle positions not verified against each body's primary sources",110,010 Top Christian Denominations.md,Contraception,All 27 entries (ethical/lifestyle table),(filled by the build from the live tables),Open,"Check each body's stated position against its own primary source (catechism, confession, resolutions, official site) and record each check in build/verifications/position_verifications.csv",Medium,22,Added 2 Oct 2026: per-category tracking requested across both sections; nothing yet verified cell-by-cell,,
74,"F – Denominations: doctrinal, ethical and lifestyle positions not verified against each body's primary sources",110,010 Top Christian Denominations.md,Gambling,All 27 entries (ethical/lifestyle table),(filled by the build from the live tables),Open,"Check each body's stated position against its own primary source (catechism, confession, resolutions, official site) and record each check in build/verifications/position_verifications.csv",Medium,27,Added 2 Oct 2026: per-category tracking requested across both sections; nothing yet verified cell-by-cell,,
75,"F – Denominations: doctrinal, ethical and lifestyle positions not verified against each body's primary sources",110,010 Top Christian Denominations.md,Dancing,All 27 entries (ethical/lifestyle table),(filled by the build from the live tables),Open,"Check each body's stated position against its own primary source (catechism, confession, resolutions, official site) and record each check in build/verifications/position_verifications.csv",Medium,13,Added 2 Oct 2026: per-category tracking requested across both sections; nothing yet verified cell-by-cell,,
76,"F – Denominations: doctrinal, ethical and lifestyle positions not verified against each body's primary sources",110,010 Top Christian Denominations.md,Premarital sex/cohabitation,All 27 entries (ethical/lifestyle table),(filled by the build from the live tables),Open,"Check each body's stated position against its own primary source (catechism, confession, resolutions, official site) and record each check in build/verifications/position_verifications.csv",Medium,27,Added 2 Oct 2026: per-category tracking requested across both sections; nothing yet verified cell-by-cell,,
77,"F – Denominations: doctrinal, ethical and lifestyle positions not verified against each body's primary sources",110,010 Top Christian Denominations.md,War/pacifism,All 27 entries (ethical/lifestyle table),(filled by the build from the live tables),Open,"Check each body's stated position against its own primary source (catechism, confession, resolutions, official site) and record each check in build/verifications/position_verifications.csv",Medium,24,Added 2 Oct 2026: per-category tracking requested across both sections; nothing yet verified cell-by-cell,,
78,"F – Denominations: doctrinal, ethical and lifestyle positions not verified against each body's primary sources",110,010 Top Christian Denominations.md,Death penalty,All 27 entries (ethical/lifestyle table),(filled by the build from the live tables),Open,"Check each body's stated position against its own primary source (catechism, confession, resolutions, official site) and record each check in build/verifications/position_verifications.csv",Medium,23,Added 2 Oct 2026: per-category tracking requested across both sections; nothing yet verified cell-by-cell,,
79,"G – Study Bibles: doctrinal, ethical and lifestyle positions not verified against each volume's notes",120,010 Top Study Bibles.md,View of Scripture,All 27 entries (doctrinal table),(filled by the build from the live tables),Open,Check each volume's stated position against its own notes at the verses that bear on it and record each check in build/verifications/position_verifications.csv,Medium,27,Added 2 Oct 2026: per-category tracking requested across both sections; nothing yet verified cell-by-cell,,
80,"G – Study Bibles: doctrinal, ethical and lifestyle positions not verified against each volume's notes",120,010 Top Study Bibles.md,Salvation,All 27 entries (doctrinal table),(filled by the build from the live tables),Open,Check each volume's stated position against its own notes at the verses that bear on it and record each check in build/verifications/position_verifications.csv,Medium,22,Added 2 Oct 2026: per-category tracking requested across both sections; nothing yet verified cell-by-cell,,
81,"G – Study Bibles: doctrinal, ethical and lifestyle positions not verified against each volume's notes",120,010 Top Study Bibles.md,Baptism,All 27 entries (doctrinal table),(filled by the build from the live tables),Open,Check each volume's stated position against its own notes at the verses that bear on it and record each check in build/verifications/position_verifications.csv,Medium,22,Added 2 Oct 2026: per-category tracking requested across both sections; nothing yet verified cell-by-cell,,
82,"G – Study Bibles: doctrinal, ethical and lifestyle positions not verified against each volume's notes",120,010 Top Study Bibles.md,The Lord's Supper,All 27 entries (doctrinal table),(filled by the build from the live tables),Open,Check each volume's stated position against its own notes at the verses that bear on it and record each check in build/verifications/position_verifications.csv,Medium,22,Added 2 Oct 2026: per-category tracking requested across both sections; nothing yet verified cell-by-cell,,
83,"G – Study Bibles: doctrinal, ethical and lifestyle positions not verified against each volume's notes",120,010 Top Study Bibles.md,Church government,All 27 entries (doctrinal table),(filled by the build from the live tables),Open,Check each volume's stated position against its own notes at the verses that bear on it and record each check in build/verifications/position_verifications.csv,Medium,5,Added 2 Oct 2026: per-category tracking requested across both sections; nothing yet verified cell-by-cell,,
84,"G – Study Bibles: doctrinal, ethical and lifestyle positions not verified against each volume's notes",120,010 Top Study Bibles.md,Eschatology,All 27 entries (doctrinal table),(filled by the build from the live tables),Open,Check each volume's stated position against its own notes at the verses that bear on it and record each check in build/verifications/position_verifications.csv,Medium,23,Added 2 Oct 2026: per-category tracking requested across both sections; nothing yet verified cell-by-cell,,
85,"G – Study Bibles: doctrinal, ethical and lifestyle positions not verified against each volume's notes",120,010 Top Study Bibles.md,Spiritual gifts,All 27 entries (doctrinal table),(filled by the build from the live tables),Open,Check each volume's stated position against its own notes at the verses that bear on it and record each check in build/verifications/position_verifications.csv,Medium,22,Added 2 Oct 2026: per-category tracking requested across both sections; nothing yet verified cell-by-cell,,
86,"G – Study Bibles: doctrinal, ethical and lifestyle positions not verified against each volume's notes",120,010 Top Study Bibles.md,Women's ordination,All 27 entries (doctrinal table),(filled by the build from the live tables),Open,Check each volume's stated position against its own notes at the verses that bear on it and record each check in build/verifications/position_verifications.csv,Medium,20,Added 2 Oct 2026: per-category tracking requested across both sections; nothing yet verified cell-by-cell,,
87,"G – Study Bibles: doctrinal, ethical and lifestyle positions not verified against each volume's notes",120,010 Top Study Bibles.md,Abortion,All 27 entries (ethical/lifestyle table),(filled by the build from the live tables),Open,Check each volume's stated position against its own notes at the verses that bear on it and record each check in build/verifications/position_verifications.csv,Medium,27,Added 2 Oct 2026: per-category tracking requested across both sections; nothing yet verified cell-by-cell,,
88,"G – Study Bibles: doctrinal, ethical and lifestyle positions not verified against each volume's notes",120,010 Top Study Bibles.md,Homosexuality,All 27 entries (ethical/lifestyle table),(filled by the build from the live tables),Open,Check each volume's stated position against its own notes at the verses that bear on it and record each check in build/verifications/position_verifications.csv,Medium,27,Added 2 Oct 2026: per-category tracking requested across both sections; nothing yet verified cell-by-cell,,
89,"G – Study Bibles: doctrinal, ethical and lifestyle positions not verified against each volume's notes",120,010 Top Study Bibles.md,Alcohol,All 27 entries (ethical/lifestyle table),(filled by the build from the live tables),Open,Check each volume's stated position against its own notes at the verses that bear on it and record each check in build/verifications/position_verifications.csv,Medium,27,Added 2 Oct 2026: per-category tracking requested across both sections; nothing yet verified cell-by-cell,,
90,"G – Study Bibles: doctrinal, ethical and lifestyle positions not verified against each volume's notes",120,010 Top Study Bibles.md,Divorce and remarriage,All 27 entries (ethical/lifestyle table),(filled by the build from the live tables),Open,Check each volume's stated position against its own notes at the verses that bear on it and record each check in build/verifications/position_verifications.csv,Medium,27,Added 2 Oct 2026: per-category tracking requested across both sections; nothing yet verified cell-by-cell,,
91,"G – Study Bibles: doctrinal, ethical and lifestyle positions not verified against each volume's notes",120,010 Top Study Bibles.md,Contraception,All 27 entries (ethical/lifestyle table),(filled by the build from the live tables),Open,Check each volume's stated position against its own notes at the verses that bear on it and record each check in build/verifications/position_verifications.csv,Medium,27,Added 2 Oct 2026: per-category tracking requested across both sections; nothing yet verified cell-by-cell,,
92,"G – Study Bibles: doctrinal, ethical and lifestyle positions not verified against each volume's notes",120,010 Top Study Bibles.md,Gambling,All 27 entries (ethical/lifestyle table),(filled by the build from the live tables),Open,Check each volume's stated position against its own notes at the verses that bear on it and record each check in build/verifications/position_verifications.csv,Medium,26,Added 2 Oct 2026: per-category tracking requested across both sections; nothing yet verified cell-by-cell,,
93,"G – Study Bibles: doctrinal, ethical and lifestyle positions not verified against each volume's notes",120,010 Top Study Bibles.md,Dancing,All 27 entries (ethical/lifestyle table),(filled by the build from the live tables),Open,Check each volume's stated position against its own notes at the verses that bear on it and record each check in build/verifications/position_verifications.csv,Medium,7,Added 2 Oct 2026: per-category tracking requested across both sections; nothing yet verified cell-by-cell,,
94,"G – Study Bibles: doctrinal, ethical and lifestyle positions not verified against each volume's notes",120,010 Top Study Bibles.md,Premarital sex/cohabitation,All 27 entries (ethical/lifestyle table),(filled by the build from the live tables),Open,Check each volume's stated position against its own notes at the verses that bear on it and record each check in build/verifications/position_verifications.csv,Medium,27,Added 2 Oct 2026: per-category tracking requested across both sections; nothing yet verified cell-by-cell,,
95,"G – Study Bibles: doctrinal, ethical and lifestyle positions not verified against each volume's notes",120,010 Top Study Bibles.md,War/pacifism,All 27 entries (ethical/lifestyle table),(filled by the build from the live tables),Open,Check each volume's stated position against its own notes at the verses that bear on it and record each check in build/verifications/position_verifications.csv,Medium,27,Added 2 Oct 2026: per-category tracking requested across both sections; nothing yet verified cell-by-cell,,
96,"G – Study Bibles: doctrinal, ethical and lifestyle positions not verified against each volume's notes",120,010 Top Study Bibles.md,Death penalty,All 27 entries (ethical/lifestyle table),(filled by the build from the live tables),Open,Check each volume's stated position against its own notes at the verses that bear on it and record each check in build/verifications/position_verifications.csv,Medium,26,Added 2 Oct 2026: per-category tracking requested across both sections; nothing yet verified cell-by-cell,,
